entry_price,exit_price,pnl,exit_type,exit_time,capital
69286.1,69366.40000000001,0.0011589626202081356,TP1,2026-03-26 14:55:00,10000.579481310104
69286.1,69286.1,0.0,SL,2026-03-26 15:05:00,10000.579481310104
68249.9,68288.09999999999,0.0005597077797915761,TP1,2026-03-26 18:38:00,10000.859351417008
68249.9,68645.0,0.005789019471090886,TP2,2026-03-26 19:39:00,10003.754109892658
68772.0,68814.4,0.0006165299831325856,TP1,2026-03-26 22:50:00,10004.06249061029
68772.0,68772.0,0.0,SL,2026-03-26 22:51:00,10004.06249061029
68673.5,68643.0,-0.00044413055982293025,SL,2026-03-26 23:34:00,10003.618179622845
68667.0,68632.3,-0.000505337352731255,SL,2026-03-27 06:58:00,10003.112659429982
67633.8,67786.8,0.0022621825182083514,TP1,2026-03-27 09:15:00,10004.244102759272
67633.8,67633.8,0.0,SL,2026-03-27 09:57:00,10004.244102759272
67683.2,67642.3,-0.0006042858493687382,SL,2026-03-27 10:13:00,10003.63956044478
67658.3,67692.90000000001,0.000511393280647102,TP1,2026-03-27 10:20:00,10003.895350147443
67658.3,67658.3,0.0,SL,2026-03-27 10:26:00,10003.895350147443
66575.1,66529.6,-0.000683438703058651,SL,2026-03-27 12:41:00,10003.21164522108
66588.0,66634.8,0.0007028293386196149,TP1,2026-03-27 12:46:00,10003.563172752314
66588.0,66588.0,0.0,SL,2026-03-27 12:47:00,10003.563172752314
66607.7,66562.2,-0.000683104205669915,SL,2026-03-27 13:08:00,10002.879825144815
66177.9,66117.5,-0.0009126913969768485,SL,2026-03-27 15:06:00,10001.966870908675
66063.2,66025.8,-0.000566124559512621,SL,2026-03-27 20:55:00,10001.400634999769
66081.5,66128.0,0.000703676520660094,TP1,2026-03-27 21:12:00,10001.752522539799
66081.5,66081.5,0.0,SL,2026-03-27 21:36:00,10001.752522539799
66111.9,66089.0,-0.00034638242131891807,SL,2026-03-27 21:47:00,10001.406079414179
66064.5,66013.6,-0.0007704591724752958,SL,2026-03-27 21:59:00,10000.635511909026
66164.2,66134.2,-0.0004534174069965329,SL,2026-03-27 23:34:00,10000.182065686813
66078.7,66106.7,0.0004237371497925958,TP1,2026-03-28 01:59:00,10000.393938119108
66078.7,66078.7,0.0,SL,2026-03-28 02:17:00,10000.393938119108
66105.0,66080.2,-0.0003751607291430741,SL,2026-03-28 03:09:00,10000.018762610955
66179.3,66155.1,-0.0003656732543257044,SL,2026-03-28 04:01:00,9999.653088670531
66143.2,66228.2,0.0012850905308482202,TP1,2026-03-28 11:07:00,10000.295611645332
66143.2,66565.0,0.006377072775432742,TP2,2026-03-28 13:32:00,10003.484242289898
67090.9,67054.9,-0.0005365854385617126,SL,2026-03-28 15:27:00,10002.94746989197
66590.2,66625.7,0.0005331114788662596,TP1,2026-03-28 22:17:00,10003.214104197903
66590.2,66590.2,0.0,SL,2026-03-28 23:08:00,10003.214104197903
66569.0,66539.5,-0.000443149213597921,SL,2026-03-29 01:23:00,10002.770812551531
66574.7,66608.09999999999,0.0005016920842301081,TP1,2026-03-29 02:14:00,10003.021728098383
66574.7,66574.7,0.0,SL,2026-03-29 02:16:00,10003.021728098383
66621.6,66636.6,0.00022515220288915304,TP1,2026-03-29 02:27:00,10003.134338217265
66621.6,66621.6,0.0,SL,2026-03-29 02:29:00,10003.134338217265
66621.1,66668.20000000001,0.0007069832230330303,TP1,2026-03-29 05:19:00,10003.487940625007
66621.1,66621.1,0.0,SL,2026-03-29 05:25:00,10003.487940625007
66581.9,66613.09999999999,0.00046859581958455813,TP1,2026-03-29 05:37:00,10003.722320256518
66581.9,66581.9,0.0,SL,2026-03-29 07:02:00,10003.722320256518
66595.6,66614.1,0.00027779613067529987,TP1,2026-03-29 08:23:00,10003.861270024165
66595.6,66595.6,0.0,SL,2026-03-29 09:07:00,10003.861270024165
66633.2,66666.29999999999,0.0004967493681826968,TP1,2026-03-29 15:08:00,10004.109740612428
66633.2,66633.2,0.0,SL,2026-03-29 15:09:00,10004.109740612428
66572.4,66545.6,-0.00040256923289513913,SL,2026-03-29 16:35:00,10003.70700593402
66645.8,66664.90000000001,0.0002865897025769939,TP1,2026-03-29 20:37:00,10003.850353904796
66645.8,66645.8,0.0,SL,2026-03-29 20:38:00,10003.850353904796
66586.5,66552.2,-0.0005151194311159606,SL,2026-03-29 21:08:00,10003.33503613447
66690.5,66743.9,0.0008007137448361337,TP1,2026-03-30 02:14:00,10003.73552652735
66690.5,66690.5,0.0,SL,2026-03-30 02:20:00,10003.73552652735
66636.4,66684.29999999999,0.0007188263471615241,TP1,2026-03-30 02:42:00,10004.095073960676
66636.4,67081.0,0.006672029101212038,TP2,2026-03-30 02:45:00,10007.432454633914
67146.1,67090.0,-0.00083549156242888,SL,2026-03-30 03:47:00,10006.596342096173
67143.6,67174.30000000002,0.00045722898384971373,TP1,2026-03-30 04:01:00,10006.825107390036
67143.6,67601.0,0.006812265055790785,TP2,2026-03-30 04:29:00,10010.233564639959
67633.9,67673.49999999999,0.0005855051978370503,TP1,2026-03-30 05:27:00,10010.526616829142
67633.9,67633.9,0.0,SL,2026-03-30 05:28:00,10010.526616829142
67641.5,67602.1,-0.0005824826474870336,SL,2026-03-30 09:00:00,10009.943521024492
67605.6,67641.20000000001,0.0005265835966252177,TP1,2026-03-30 11:59:00,10010.207074627559
67605.6,68121.0,0.007623628811814319,TP2,2026-03-30 13:21:00,10014.022779780877
67727.3,67698.2,-0.00042966425651112355,SL,2026-03-30 15:47:00,10013.59251301564
66591.9,66659.49999999999,0.001015138477802725,TP1,2026-03-30 18:28:00,10014.10077216869
66591.9,66591.9,0.0,SL,2026-03-30 18:31:00,10014.10077216869
66577.7,66536.3,-0.0006218298319105974,SL,2026-03-30 18:57:00,10013.4780655087
66618.4,66585.7,-0.0004908553792945657,SL,2026-03-30 20:33:00,10012.98654855131
66611.6,66569.5,-0.0006320220502135637,SL,2026-03-30 21:04:00,10012.353705722591
66570.8,66606.1,0.0005302625175002089,TP1,2026-03-30 21:08:00,10012.619164516696
66570.8,66570.8,0.0,SL,2026-03-30 23:02:00,10012.619164516696
66672.2,66656.0,-0.00024297983267384442,SL,2026-03-30 23:31:00,10012.375878063775
67169.0,67198.0,0.00043174678795277583,TP1,2026-03-31 01:14:00,10012.592018620031
67169.0,67601.0,0.0064315383584689365,TP2,2026-03-31 01:23:00,10015.811837101804
68167.9,68067.4,-0.0014743009539680701,SL,2026-03-31 01:41:00,10014.335205007184
67677.8,67708.90000000001,0.0004595303038811223,TP1,2026-03-31 04:00:00,10014.56529953218
67677.8,67677.8,0.0,SL,2026-03-31 04:01:00,10014.56529953218
67639.0,67684.2,0.0006682535223761009,TP1,2026-03-31 04:06:00,10014.899912959003
67639.0,67639.0,0.0,SL,2026-03-31 04:10:00,10014.899912959003
67605.2,67556.7,-0.0007174004366528019,SL,2026-03-31 04:34:00,10014.181443601943
67721.7,67669.7,-0.0007678484149098443,SL,2026-03-31 05:54:00,10013.412506267134
67205.0,67164.6,-0.0006011457480841334,SL,2026-03-31 07:24:00,10012.810554231939
67157.7,67184.0,0.0003916155556250871,TP1,2026-03-31 07:27:00,10013.006612850366
67157.7,67157.7,0.0,SL,2026-03-31 08:32:00,10013.006612850366
67149.1,67094.3,-0.0008160943333567078,SL,2026-03-31 08:39:00,10012.189457054705
66613.2,66654.5,0.000619997237784747,TP1,2026-03-31 11:30:00,10012.499833545082
66613.2,66613.2,0.0,SL,2026-03-31 11:32:00,10012.499833545082
66680.3,66713.6,0.0004993978731349875,TP1,2026-03-31 12:09:00,10012.749844601163
66680.3,66680.3,0.0,SL,2026-03-31 12:10:00,10012.749844601163
67149.9,67092.0,-0.0008622499810125434,SL,2026-03-31 14:08:00,10011.886495264824
67604.8,67537.7,-0.0009925330745746725,SL,2026-03-31 14:27:00,10010.89278241628
66685.9,66778.9,0.001394597658575501,TP1,2026-03-31 15:04:00,10011.590840798011
66685.9,67081.0,0.005924790697883748,TP2,2026-03-31 15:11:00,10014.55666981224
67704.0,67772.2,0.0010073260073259643,TP1,2026-03-31 18:15:00,10015.061065981508
67704.0,67704.0,0.0,SL,2026-03-31 18:19:00,10015.061065981508
67732.9,67809.79999999999,0.0011353419091755142,TP1,2026-03-31 18:37:00,10015.629591909066
67732.9,67732.9,0.0,SL,2026-03-31 18:40:00,10015.629591909066
68162.5,68134.6,-0.0004093159728588913,SL,2026-03-31 22:53:00,10015.219636192045
68144.0,68204.3,0.0008848908194412261,TP1,2026-03-31 23:07:00,10015.662754987583
68144.0,68144.0,0.0,SL,2026-03-31 23:15:00,10015.662754987583
68225.5,68265.4,0.0005848253219103441,TP1,2026-03-31 23:25:00,10015.955625647326
68225.5,68225.5,0.0,SL,2026-03-31 23:26:00,10015.955625647326
67671.7,67596.9,-0.0011053364996003192,SL,2026-04-01 02:29:00,10014.848525514186
67639.3,67599.1,-0.000594329036521624,SL,2026-04-01 02:46:00,10014.253313986677
67616.1,67677.6,0.00090954669080293,TP1,2026-04-01 03:00:00,10014.708735534809
67616.1,68121.0,0.007467156490835676,TP2,2026-04-01 03:45:00,10018.447805401727
68130.9,68105.0,-0.0003801505631071097,SL,2026-04-01 04:27:00,10018.06695354426
68179.2,68211.79999999999,0.00047815169435826865,TP1,2026-04-01 04:41:00,10018.30646132866
68179.2,68179.2,0.0,SL,2026-04-01 04:46:00,10018.30646132866
68738.8,68663.4,-0.0010969059686815703,SL,2026-04-01 07:55:00,10017.20754731331
68747.1,68772.90000000001,0.0003752885576264731,TP1,2026-04-01 08:38:00,10017.395514481903
68747.1,68747.1,0.0,SL,2026-04-01 08:42:00,10017.395514481903
68674.7,68648.8,-0.000377140344260611,SL,2026-04-01 12:01:00,10017.01771808261
68720.3,68662.3,-0.0008440009720562919,SL,2026-04-01 17:20:00,10016.172280813493
68125.2,68068.9,-0.000826419592162708,SL,2026-04-01 18:53:00,10015.344524712358
68135.9,68098.3,-0.0005518383113746391,SL,2026-04-01 20:01:00,10014.791839631323
68158.7,68222.59999999999,0.000937517881062787,TP1,2026-04-01 22:41:00,10015.261291952562
68158.7,68158.7,0.0,SL,2026-04-01 22:49:00,10015.261291952562
68160.8,68129.3,-0.0004621424631166301,SL,2026-04-01 23:16:00,10014.79844420034
68165.3,68202.1,0.000539864124415251,TP1,2026-04-02 00:20:00,10015.068775720003
68165.3,68165.3,0.0,SL,2026-04-02 00:22:00,10015.068775720003
66572.9,66614.29999999999,0.0006218746667186525,TP1,2026-04-02 04:09:00,10015.380181597855
66572.9,66572.9,0.0,SL,2026-04-02 04:10:00,10015.380181597855
66663.6,66701.30000000002,0.0005655260141968276,TP1,2026-04-02 06:26:00,10015.663379499592
66663.6,66663.6,0.0,SL,2026-04-02 06:27:00,10015.663379499592
66664.7,66633.3,-0.00047101389490981254,SL,2026-04-02 07:06:00,10015.191627837745
66610.1,66598.5,-0.00017414776437816218,SL,2026-04-02 07:10:00,10015.017215514565
66600.8,66661.6,0.000912901947123802,TP1,2026-04-02 08:30:00,10015.474351950392
66600.8,66600.8,0.0,SL,2026-04-02 08:36:00,10015.474351950392
66120.0,66150.0,0.00045372050816696913,TP1,2026-04-02 12:50:00,10015.701563256018
66120.0,66120.0,0.0,SL,2026-04-02 12:51:00,10015.701563256018
66685.8,66728.40000000001,0.0006388166596187766,TP1,2026-04-03 00:57:00,10016.021473106837
66685.8,66685.8,0.0,SL,2026-04-03 01:36:00,10016.021473106837
66613.6,66582.3,-0.00046987401971974055,SL,2026-04-03 04:09:00,10015.55084627972
66595.3,66551.1,-0.0006637105020924463,SL,2026-04-03 04:23:00,10014.886103651628
66622.3,66591.1,-0.0004683116614106251,SL,2026-04-03 04:50:00,10014.417094856624
66583.5,66545.7,-0.000567708215999503,SL,2026-04-03 06:09:00,10013.848568170304
66626.0,66569.2,-0.0008525200372227496,SL,2026-04-03 06:21:00,10012.994867514897
66605.2,66567.9,-0.0005600163350609698,SL,2026-04-03 06:30:00,10012.434123446028
67101.8,67055.7,-0.0006870158475630433,SL,2026-04-03 07:39:00,10011.746253354479
66693.8,66730.90000000001,0.0005562735966462523,TP1,2026-04-03 10:37:00,10012.024716859332
66693.8,66693.8,0.0,SL,2026-04-03 10:38:00,10012.024716859332
67150.8,67124.7,-0.00038867742454305564,SL,2026-04-04 11:08:00,10011.635572061192
67136.5,67086.8,-0.0007402828565682913,SL,2026-04-04 11:17:00,10010.894427843172
67082.0,67094.6,0.00018782982022011598,TP1,2026-04-04 12:54:00,10010.988445068204
67082.0,67082.0,0.0,SL,2026-04-04 12:55:00,10010.988445068204
67183.3,67170.0,-0.00019796586354053626,SL,2026-04-04 14:03:00,10010.790261670962
67171.3,67155.8,-0.0002307533127987697,SL,2026-04-04 14:17:00,10010.5592593693
67101.5,67119.7,0.0002712308964776807,TP1,2026-04-04 14:57:00,10010.695018017406
67101.5,67101.5,0.0,SL,2026-04-05 01:07:00,10010.695018017406
67123.5,67144.0,0.00030540719718131506,TP1,2026-04-05 01:12:00,10010.847884932771
67123.5,67123.5,0.0,SL,2026-04-05 01:23:00,10010.847884932771
67113.8,67087.3,-0.00039485172945057497,SL,2026-04-05 01:31:00,10010.452604872708
67137.6,67153.90000000001,0.00024278496699320365,TP1,2026-04-05 03:02:00,10010.57412424297
67137.6,67137.6,0.0,SL,2026-04-05 03:04:00,10010.57412424297
67126.8,67103.6,-0.00034561456824989554,SL,2026-04-05 04:40:00,10010.228144217583
67174.9,67213.99999999999,0.0005820626454224907,TP1,2026-04-05 17:00:00,10010.519473211329
67174.9,67174.9,0.0,SL,2026-04-05 17:01:00,10010.519473211329
69260.6,69173.4,-0.0012590130608168516,SL,2026-04-06 00:33:00,10009.259135735096
69193.1,69159.2,-0.0004899332447889851,SL,2026-04-06 00:53:00,10008.768748854465
69260.1,69189.0,-0.0010265650785951192,SL,2026-04-06 02:40:00,10007.741283606734
69199.9,69229.79999999999,0.00043208154925070965,TP1,2026-04-06 02:57:00,10007.957491624651
69199.9,69199.9,0.0,SL,2026-04-06 02:59:00,10007.957491624651
69171.1,69142.4,-0.000414913164602148,SL,2026-04-06 03:30:00,10007.542248293244
69172.8,69143.2,-0.00042791386209616814,SL,2026-04-06 03:40:00,10007.114011687889
69183.8,69140.2,-0.0006302053370876682,SL,2026-04-06 05:48:00,10006.483358021987
69233.9,69185.4,-0.0007005238763091491,SL,2026-04-06 06:20:00,10005.78237997097
69218.3,69238.90000000001,0.0002976091582718128,TP1,2026-04-06 08:43:00,10005.931270594569
69218.3,69218.3,0.0,SL,2026-04-06 08:48:00,10005.931270594569
69220.8,69196.8,-0.00034671659385618195,SL,2026-04-06 08:52:00,10005.58434835372
69781.9,69735.3,-0.000667794943960988,SL,2026-04-06 10:18:00,10004.916180489798
69789.0,69758.9,-0.0004313000616143779,SL,2026-04-06 10:35:00,10004.484668393288
69734.9,69661.9,-0.0010468216058243435,SL,2026-04-06 15:36:00,10003.437377322687
69769.9,69735.5,-0.0004930492948964265,SL,2026-04-06 18:23:00,10002.944158548144
69721.7,69752.09999999999,0.0004360192020560913,TP1,2026-04-06 18:42:00,10003.162232334655
69721.7,69721.7,0.0,SL,2026-04-06 18:44:00,10003.162232334655
69728.5,69786.0,0.0008246269459403257,TP1,2026-04-06 19:20:00,10003.574676190725
69728.5,69728.5,0.0,SL,2026-04-06 19:38:00,10003.574676190725
69777.2,69733.5,-0.0006262790711005471,SL,2026-04-06 21:02:00,10002.948173245135
69704.7,69652.0,-0.0007560465793554393,SL,2026-04-06 21:19:00,10002.19190377015
68646.4,68728.79999999999,0.0012003542793211908,TP1,2026-04-06 23:40:00,10002.792212462864
68646.4,68646.4,0.0,SL,2026-04-07 01:00:00,10002.792212462864
68747.6,68720.7,-0.0003912863867248999,SL,2026-04-07 01:36:00,10002.400816820666
68647.3,68608.9,-0.0005593810681557575,SL,2026-04-07 02:42:00,10001.841301455363
68659.3,68611.7,-0.0006932782594638427,SL,2026-04-07 03:05:00,10001.147895542472
68739.1,68707.4,-0.0004611640245509708,SL,2026-04-07 04:04:00,10000.686678581107
68668.4,68616.8,-0.0007514373423582212,SL,2026-04-07 04:07:00,9999.935189639156
68769.9,68781.9,0.000174494946190121,TP1,2026-04-07 05:09:00,10000.022436546797
68769.9,68769.9,0.0,SL,2026-04-07 05:10:00,10000.022436546797
68761.4,68703.4,-0.0008434964965809307,SL,2026-04-07 05:24:00,9999.1789381577
68700.0,68656.3,-0.0006360989810771046,SL,2026-04-07 08:17:00,9998.542891404282
68735.8,68769.90000000001,0.0004961024677097789,TP1,2026-04-07 08:31:00,9998.79090649438
68735.8,69169.0,0.006302392639643346,TP2,2026-04-07 09:09:00,10001.9417218051
68194.6,68239.20000000001,0.0006540107281222534,TP1,2026-04-07 12:18:00,10002.268790664506
68194.6,68194.6,0.0,SL,2026-04-07 13:47:00,10002.268790664506
68147.9,68078.8,-0.0010139710834815346,SL,2026-04-07 15:39:00,10001.254589532213
71906.4,71982.49999999999,0.0010583202607833415,TP1,2026-04-08 00:16:00,10001.78381605048
71906.4,71906.4,0.0,SL,2026-04-08 00:21:00,10001.78381605048
71920.4,71967.09999999999,0.000649328980372705,TP1,2026-04-08 00:40:00,10002.108538454839
71920.4,71920.4,0.0,SL,2026-04-08 00:42:00,10002.108538454839
71349.9,71321.9,-0.00039243222485245253,SL,2026-04-08 03:11:00,10001.716023484143
71341.9,71302.0,-0.0005592786286879685,SL,2026-04-08 03:45:00,10001.15664888193
71312.3,71290.9,-0.00030008848403443347,SL,2026-04-08 03:47:00,10000.856525688194
71888.8,71927.6,0.0005397224602441954,TP1,2026-04-08 12:50:00,10001.126410032624
71888.8,72361.0,0.006568477982662071,TP2,2026-04-08 13:07:00,10004.411018963929
72435.8,72503.70000000001,0.0009373817918765131,TP1,2026-04-08 13:25:00,10004.87991660031
72435.8,72435.8,0.0,SL,2026-04-08 13:28:00,10004.87991660031
70795.2,70886.59999999999,0.0012910479806539734,TP1,2026-04-08 15:00:00,10005.525755600962
70795.2,70795.2,0.0,SL,2026-04-08 15:10:00,10005.525755600962
71847.9,71890.4,0.00059152737936669,TP1,2026-04-08 17:49:00,10005.821682722431
71847.9,71847.9,0.0,SL,2026-04-08 17:50:00,10005.821682722431
71862.4,71795.1,-0.0009365120007123108,SL,2026-04-08 18:00:00,10004.884625514145
71290.6,71251.1,-0.0005540702420796009,SL,2026-04-08 20:45:00,10004.330284629503
70809.6,70754.2,-0.0007823797903110416,SL,2026-04-09 01:05:00,10003.547566046474
70874.5,70919.2,0.0006306922800160437,TP1,2026-04-09 02:25:00,10003.863024057608
70874.5,70874.5,0.0,SL,2026-04-09 03:27:00,10003.863024057608
70830.8,70786.2,-0.0006296695787708994,SL,2026-04-09 04:25:00,10003.233111235964
70790.0,70842.3,0.0007388049159486214,TP1,2026-04-09 04:31:00,10003.602633125862
70790.0,70790.0,0.0,SL,2026-04-09 04:48:00,10003.602633125862
70815.3,70784.4,-0.00043634638277333755,SL,2026-04-09 05:08:00,10003.166129543495
70886.1,70858.6,-0.0003879462969467921,SL,2026-04-09 06:24:00,10002.778060417724
70898.0,70914.3,0.00022990775480271532,TP1,2026-04-09 06:45:00,10002.893046230007
70898.0,70898.0,0.0,SL,2026-04-09 06:46:00,10002.893046230007
70878.2,70909.4,0.0004401917655922003,TP1,2026-04-09 08:18:00,10003.11320578756
70878.2,71289.0,0.005795858246964552,TP2,2026-04-09 08:41:00,10006.012037096014
71400.0,71374.8,-0.0003529411764705475,SL,2026-04-09 10:09:00,10005.658883729999
71345.1,71366.1,0.00029434397036376706,TP1,2026-04-09 10:37:00,10005.806138998094
71345.1,71345.1,0.0,SL,2026-04-09 10:38:00,10005.806138998094
71426.5,71370.2,-0.0007882228584629361,SL,2026-04-09 15:27:00,10005.017458486484
71293.5,71337.5,0.0006171670629159741,TP1,2026-04-09 15:32:00,10005.326196848448
71293.5,71825.0,0.007455097589541823,TP2,2026-04-09 15:33:00,10009.055731009084
71825.6,71924.1,0.0013713773362143858,TP1,2026-04-09 16:44:00,10009.742040618405
71825.6,71825.6,0.0,SL,2026-04-09 16:47:00,10009.742040618405
71859.9,71910.99999999999,0.0007111059158166276,TP1,2026-04-09 18:42:00,10010.09793995745
71859.9,71859.9,0.0,SL,2026-04-09 18:43:00,10010.09793995745
71840.9,71880.09999999999,0.0005456501797722063,TP1,2026-04-09 18:59:00,10010.371040544474
71840.9,71840.9,0.0,SL,2026-04-09 19:00:00,10010.371040544474
71953.4,71893.8,-0.0008283138809283686,SL,2026-04-09 19:20:00,10009.541867615862
71825.4,71796.9,-0.00039679556257257183,SL,2026-04-09 19:35:00,10009.144693436217
72392.4,72362.9,-0.00040750133991966013,SL,2026-04-09 20:45:00,10008.736819448815
71849.2,71878.2,0.00040362314402943945,TP1,2026-04-09 23:04:00,10008.938807339955
71849.2,71849.2,0.0,SL,2026-04-09 23:05:00,10008.938807339955
71917.1,71870.9,-0.0006424063261729358,SL,2026-04-10 00:37:00,10008.295826779144
71963.5,71888.4,-0.0010435845949683634,SL,2026-04-10 00:56:00,10007.251376444472
71848.9,71799.4,-0.0006889458293724748,SL,2026-04-10 01:08:00,10006.561931034545
71827.6,71790.0,-0.0005234756555976507,SL,2026-04-10 01:28:00,10006.038111877833
71915.9,71966.49999999999,0.0007035996212241142,TP1,2026-04-10 02:54:00,10006.390124109106
71915.9,71915.9,0.0,SL,2026-04-10 02:58:00,10006.390124109106
71907.5,71851.0,-0.0007857316691582937,SL,2026-04-10 03:13:00,10005.60389034766
71876.1,71831.9,-0.0006149471103748205,SL,2026-04-10 03:23:00,10004.988598627668
71838.0,71925.5,0.0012180183189955177,TP1,2026-04-10 04:51:00,10005.597911597391
71838.0,71838.0,0.0,SL,2026-04-10 06:50:00,10005.597911597391
71839.4,71792.0,-0.0006598050651869891,SL,2026-04-10 06:55:00,10004.937737179162
71864.5,71890.8,0.0003659665064114119,TP1,2026-04-10 10:55:00,10005.120810784689
71864.5,71864.5,0.0,SL,2026-04-10 10:59:00,10005.120810784689
71957.7,72005.4,0.0006628894475503955,TP1,2026-04-10 13:43:00,10005.452425235037
71957.7,72361.0,0.005604681639352049,TP2,2026-04-10 13:59:00,10008.256294010092
72942.5,73003.0,0.0008294204339034171,TP1,2026-04-10 15:22:00,10008.671346623993
72942.5,72942.5,0.0,SL,2026-04-10 15:26:00,10008.671346623993
73019.9,73050.79999999999,0.000423172313300815,TP1,2026-04-10 18:14:00,10008.883116254334
73019.9,73019.9,0.0,SL,2026-04-10 18:17:00,10008.883116254334
72919.1,72961.80000000002,0.0005855804583437212,TP1,2026-04-10 18:51:00,10009.176166572472
72919.1,72919.1,0.0,SL,2026-04-10 19:30:00,10009.176166572472
72982.4,73013.59999999999,0.00042750032884636695,TP1,2026-04-10 22:24:00,10009.390112877607
72982.4,72982.4,0.0,SL,2026-04-10 22:25:00,10009.390112877607
72949.9,72969.4,0.000267306740653517,TP1,2026-04-11 02:30:00,10009.523891749957
72949.9,72949.9,0.0,SL,2026-04-11 02:42:00,10009.523891749957
72998.2,72970.6,-0.00037809151458517156,SL,2026-04-11 03:24:00,10009.145440145106
72961.7,72940.0,-0.00029741631568339403,SL,2026-04-11 03:34:00,10008.847751829111
72921.9,72940.09999999999,0.00024958208713702046,TP1,2026-04-11 03:49:00,10008.972653284696
72921.9,72921.9,0.0,SL,2026-04-11 03:50:00,10008.972653284696
73019.9,72986.8,-0.0004533010864160492,SL,2026-04-11 17:05:00,10008.518945466933
72957.0,72985.1,0.0003851583809642093,TP1,2026-04-11 17:22:00,10008.711688714577
72957.0,73441.0,0.006634044711268282,TP2,2026-04-11 18:36:00,10012.031600756833
73478.8,73512.0,0.00045183100431685176,TP1,2026-04-11 19:04:00,10012.257788071503
73478.8,73478.8,0.0,SL,2026-04-11 19:19:00,10012.257788071503
73461.8,73424.9,-0.0005023018766217099,SL,2026-04-11 21:58:00,10011.754870483886
73021.9,72943.6,-0.0010722810554092451,SL,2026-04-11 23:08:00,10010.681328975983
72927.9,73006.19999999998,0.0010736631659486748,TP1,2026-04-11 23:14:00,10011.21873396643
72927.9,72927.9,0.0,SL,2026-04-12 00:02:00,10011.21873396643
72995.5,73043.3,0.0006548348870821203,TP1,2026-04-12 00:11:00,10011.546518730893
72995.5,72995.5,0.0,SL,2026-04-12 00:12:00,10011.546518730893
72969.0,72922.9,-0.0006317751373871894,SL,2026-04-12 00:15:00,10010.91401411316
73020.1,73069.40000000001,0.0006751565664796803,TP1,2026-04-12 00:23:00,10011.251960829815
73020.1,73020.1,0.0,SL,2026-04-12 00:30:00,10011.251960829815
72983.6,73030.40000000001,0.0006412399497969805,TP1,2026-04-12 00:51:00,10011.572941565053
72983.6,72983.6,0.0,SL,2026-04-12 00:57:00,10011.572941565053
73043.4,72999.2,-0.0006051196959615393,SL,2026-04-12 01:17:00,10010.967121567604
73034.8,73007.4,-0.0003751636206302849,SL,2026-04-12 01:24:00,10010.591546500471
71358.2,71320.0,-0.0005353274045589308,SL,2026-04-12 12:09:00,10010.055652101402
71377.6,71350.0,-0.0003866759319451175,SL,2026-04-12 12:33:00,10009.668587341592
71378.7,71395.59999999999,0.0002367653095390387,TP1,2026-04-12 12:51:00,10009.787084455666
71378.7,71378.7,0.0,SL,2026-04-12 12:52:00,10009.787084455666
70856.7,70914.79999999999,0.0008199648021992454,TP1,2026-04-12 14:02:00,10010.197468110004
70856.7,70856.7,0.0,SL,2026-04-12 14:40:00,10010.197468110004
70817.4,70766.2,-0.0007229861587688491,SL,2026-04-12 14:47:00,10009.473744688405
70808.8,70826.0,0.00024290766119461265,TP1,2026-04-12 16:10:00,10009.59531358126
70808.8,70808.8,0.0,SL,2026-04-12 16:21:00,10009.59531358126
70818.1,70853.20000000001,0.000495636002660419,TP1,2026-04-12 16:45:00,10009.843369371734
70818.1,70818.1,0.0,SL,2026-04-12 16:48:00,10009.843369371734
70821.7,70868.9,0.0006664623978243546,TP1,2026-04-12 16:59:00,10010.176928582425
70821.7,71289.0,0.00659826013778267,TP2,2026-04-12 20:43:00,10013.479416152426
70810.9,70707.3,-0.0014630515923394743,SL,2026-04-12 22:18:00,10012.01439245196
70795.5,70755.6,-0.000563595143759055,SL,2026-04-12 22:44:00,10011.450120182877
70789.2,70752.5,-0.0005184406660902665,SL,2026-04-13 05:21:00,10010.931085895993
70801.9,70823.79999999999,0.00030931373310595027,TP1,2026-04-13 05:27:00,10011.085911819295
70801.9,70801.9,0.0,SL,2026-04-13 05:31:00,10011.085911819295
70805.9,70827.29999999999,0.0003022347007805025,TP1,2026-04-13 05:56:00,10011.237196697048
70805.9,70805.9,0.0,SL,2026-04-13 07:20:00,10011.237196697048
70790.3,70813.90000000001,0.0003333790081410281,TP1,2026-04-13 10:08:00,10011.404073513393
70790.3,70790.3,0.0,SL,2026-04-13 10:09:00,10011.404073513393
70776.0,70804.0,0.00039561433254210466,TP1,2026-04-13 10:11:00,10011.60210626041
70776.0,70776.0,0.0,SL,2026-04-13 10:15:00,10011.60210626041
70816.0,70793.7,-0.0003149005874379082,SL,2026-04-13 11:36:00,10011.286840321965
71868.0,71931.8,0.0008877386319363683,TP1,2026-04-13 15:20:00,10011.731210626143
71868.0,71868.0,0.0,SL,2026-04-13 15:21:00,10011.731210626143
73033.1,73108.70000000001,0.0010351470771472909,TP1,2026-04-13 20:33:00,10012.249391341138
73033.1,73033.1,0.0,SL,2026-04-13 20:55:00,10012.249391341138
74637.4,74517.3,-0.0016091128576289002,SL,2026-04-13 23:00:00,10010.6383074182
74566.5,74629.7,0.0008475655958104121,TP1,2026-04-13 23:08:00,10011.062541049272
74566.5,74566.5,0.0,SL,2026-04-13 23:17:00,10011.062541049272
74661.9,74716.69999999998,0.0007339754278954643,TP1,2026-04-14 08:50:00,10011.429934744883
74661.9,74661.9,0.0,SL,2026-04-14 08:54:00,10011.429934744883
74624.7,74584.2,-0.0005427157496110537,SL,2026-04-14 09:38:00,10010.886598674711
74549.1,74511.5,-0.0005043655791955344,SL,2026-04-14 09:43:00,10010.381684012951
74564.4,74495.8,-0.0009200100852416337,SL,2026-04-14 13:12:00,10009.460718802311
74663.1,74633.4,-0.00039778685856884646,SL,2026-04-14 13:28:00,10009.06255560878
75196.8,75313.70000000001,0.0015545874292524247,TP1,2026-04-14 13:47:00,10009.840553750159
75196.8,75196.8,0.0,SL,2026-04-14 13:48:00,10009.840553750159
75128.9,75192.19999999998,0.0008425519340758132,TP1,2026-04-14 14:52:00,10010.262244276075
75128.9,75128.9,0.0,SL,2026-04-14 14:53:00,10010.262244276075
74660.5,74810.7,0.002011773293776456,TP1,2026-04-14 15:11:00,10011.269163188412
74660.5,74660.5,0.0,SL,2026-04-14 15:12:00,10011.269163188412
75199.8,75090.0,-0.0014601102662507469,SL,2026-04-14 16:35:00,10009.807407500075
74610.6,74699.00000000001,0.0011848182429843577,TP1,2026-04-14 17:02:00,10010.400397621333
74610.6,74610.6,0.0,SL,2026-04-14 17:03:00,10010.400397621333
74103.6,74137.20000000001,0.00045341926708022034,TP1,2026-04-14 20:42:00,10010.627343041906
74103.6,74103.6,0.0,SL,2026-04-14 20:53:00,10010.627343041906
74107.9,74071.9,-0.000485778169398944,SL,2026-04-14 23:07:00,10010.141048619382
74071.2,74040.0,-0.00042121634319407665,SL,2026-04-14 23:09:00,10009.719405118647
74031.8,74073.70000000001,0.0005659730007916697,TP1,2026-04-14 23:14:00,10010.002666665087
74031.8,74031.8,0.0,SL,2026-04-14 23:25:00,10010.002666665087
74073.2,74123.5,0.0006790580128845914,TP1,2026-04-14 23:31:00,10010.342535291074
74073.2,74073.2,0.0,SL,2026-04-14 23:33:00,10010.342535291074
74653.4,74604.3,-0.0006577061460026104,SL,2026-04-15 01:21:00,10009.68414891017
74550.0,74578.5,0.00038229376257545273,TP1,2026-04-15 01:26:00,10009.875480900944
74550.0,74550.0,0.0,SL,2026-04-15 01:35:00,10009.875480900944
74591.8,74631.6,0.0005335707142072307,TP1,2026-04-15 02:02:00,10010.142529721417
74591.8,74591.8,0.0,SL,2026-04-15 02:03:00,10010.142529721417
73987.6,73970.1,-0.00023652612059318047,SL,2026-04-15 09:09:00,10009.905763703504
74082.3,74104.90000000001,0.00030506612240718524,TP1,2026-04-15 10:12:00,10010.058447860354
74082.3,74082.3,0.0,SL,2026-04-15 10:13:00,10010.058447860354
74085.4,74003.7,-0.001102781384726236,SL,2026-04-15 13:41:00,10008.954557248722
74091.8,74150.6,0.0007936100891057162,TP1,2026-04-15 14:55:00,10009.351717614625
74091.8,74091.8,0.0,SL,2026-04-15 14:58:00,10009.351717614625
74047.2,73960.0,-0.0011776272431637807,SL,2026-04-15 15:07:00,10008.172989087718
74007.3,73946.0,-0.0008282966680314362,SL,2026-04-15 15:29:00,10007.344015453724
74593.6,74615.90000000001,0.00029895326140584323,TP1,2026-04-15 19:27:00,10007.493601860295
74593.6,75077.0,0.006480448724823499,TP2,2026-04-15 19:36:00,10010.736254317837
74673.4,74617.7,-0.00074591487731906,SL,2026-04-15 23:35:00,10009.989538607335
74606.7,74640.9,0.0004584038698936837,TP1,2026-04-16 00:06:00,10010.21896950444
74606.7,74606.7,0.0,SL,2026-04-16 00:08:00,10010.21896950444
74613.7,74657.4,0.0005856833262523784,TP1,2026-04-16 01:04:00,10010.512110421569
74613.7,74613.7,0.0,SL,2026-04-16 01:05:00,10010.512110421569
74544.4,74502.9,-0.0005567151925563826,SL,2026-04-16 01:13:00,10009.954810003854
74554.4,74608.79999999999,0.0007296685373364172,TP1,2026-04-16 01:34:00,10010.320007458105
74554.4,74554.4,0.0,SL,2026-04-16 01:38:00,10010.320007458105
74574.1,74613.20000000001,0.000524310719137151,TP1,2026-04-16 01:42:00,10010.582433362202
74574.1,74574.1,0.0,SL,2026-04-16 01:55:00,10010.582433362202
74597.1,74528.9,-0.0009142446556234979,SL,2026-04-16 08:08:00,10009.667221213265
74633.9,74583.4,-0.0006766362202698774,SL,2026-04-16 09:01:00,10008.989930873793
74650.9,74696.19999999998,0.0006068245660800923,TP1,2026-04-16 12:35:00,10009.29361592238
74650.9,74650.9,0.0,SL,2026-04-16 12:36:00,10009.29361592238
74597.7,74666.4,0.0009209399217401756,TP1,2026-04-16 13:07:00,10009.754513826345
74597.7,74597.7,0.0,SL,2026-04-16 13:37:00,10009.754513826345
74586.4,74500.4,-0.0011530252163933373,SL,2026-04-16 16:31:00,10008.60036388991
74089.8,74049.4,-0.0005452842361567818,SL,2026-04-16 17:13:00,10008.054610689467
74065.2,74114.7,0.0006683300659418999,TP1,2026-04-16 17:20:00,10008.389044879363
74065.2,74065.2,0.0,SL,2026-04-16 17:21:00,10008.389044879363
74108.9,74176.29999999999,0.0009094724115456333,TP1,2026-04-16 17:39:00,10008.84416256538
74108.9,74529.0,0.005668684867809478,TP2,2026-04-16 18:40:00,10011.681011737808
75123.3,75043.0,-0.0010689093796465664,SL,2026-04-16 20:32:00,10010.610853763861
74534.4,74598.59999999999,0.0008613472436887812,TP1,2026-04-17 02:31:00,10011.041984367188
74534.4,74534.4,0.0,SL,2026-04-17 05:11:00,10011.041984367188
74645.9,74610.5,-0.0004742390405902291,SL,2026-04-17 05:39:00,10010.56722167259
74636.2,74662.2,0.00034835642757803854,TP1,2026-04-17 05:52:00,10010.74158394436
74636.2,74636.2,0.0,SL,2026-04-17 05:54:00,10010.74158394436
75149.9,75260.19999999998,0.001467733157329396,TP1,2026-04-17 10:34:00,10011.47623881197
75149.9,75149.9,0.0,SL,2026-04-17 10:39:00,10011.47623881197
75223.1,75172.8,-0.0006686775737772427,SL,2026-04-17 10:50:00,10010.806793847842
75207.2,75239.9,0.0004347987958599322,TP1,2026-04-17 10:53:00,10011.024428184819
75207.2,75207.2,0.0,SL,2026-04-17 10:57:00,10011.024428184819
76881.7,76697.4,-0.002397189448204227,SL,2026-04-17 13:47:00,10008.624595972324
77395.0,77493.5,0.0012726920343691453,TP1,2026-04-17 17:45:00,10009.261490812238
77395.0,77395.0,0.0,SL,2026-04-17 17:58:00,10009.261490812238
77305.5,77265.3,-0.0005200147466868087,SL,2026-04-17 19:45:00,10008.74099445437
77369.6,77295.1,-0.0009629104971461659,SL,2026-04-17 20:30:00,10007.777242277692
77318.5,77361.1,0.0005509677502797626,TP1,2026-04-17 21:12:00,10008.052940403317
77318.5,77318.5,0.0,SL,2026-04-17 21:15:00,10008.052940403317
77352.9,77376.9,0.00031026632485659883,TP1,2026-04-17 21:28:00,10008.208198493556
77352.9,77352.9,0.0,SL,2026-04-17 21:30:00,10008.208198493556
77390.3,77363.8,-0.0003424201741045066,SL,2026-04-17 22:29:00,10007.865497254175
77337.4,77399.4,0.0008016819805165418,TP1,2026-04-17 22:33:00,10008.266653525803
77337.4,77337.4,0.0,SL,2026-04-17 22:38:00,10008.266653525803
77339.0,77372.8,0.0004370369412586523,TP1,2026-04-17 22:41:00,10008.485352638081
77339.0,77339.0,0.0,SL,2026-04-17 22:45:00,10008.485352638081
77297.1,77327.00000000001,0.0003868191691539363,TP1,2026-04-18 02:23:00,10008.67892633751
77297.1,77297.1,0.0,SL,2026-04-18 02:24:00,10008.67892633751
76230.0,76304.0,0.0009707464252918798,TP1,2026-04-18 10:15:00,10009.164720801993
76230.0,76230.0,0.0,SL,2026-04-18 10:30:00,10009.164720801993
76195.6,76149.4,-0.0006063342240235872,SL,2026-04-18 14:44:00,10008.557830889582
76202.8,76241.70000000001,0.0005104799298714578,TP1,2026-04-18 15:01:00,10008.813289284562
76202.8,76202.8,0.0,SL,2026-04-18 15:07:00,10008.813289284562
75728.2,75790.5,0.0008226790020098578,TP1,2026-04-18 18:09:00,10009.22499131097
75728.2,75728.2,0.0,SL,2026-04-18 18:15:00,10009.22499131097
75639.6,75536.5,-0.0013630426390410025,SL,2026-04-18 18:32:00,10007.860691266278
75664.8,75720.0,0.0007295334158022897,TP1,2026-04-18 19:08:00,10008.225744706027
75664.8,75664.8,0.0,SL,2026-04-18 19:22:00,10008.225744706027
75693.9,75659.2,-0.0004584253156462686,SL,2026-04-18 20:19:00,10007.76694230142
75765.0,75740.0,-0.0003299676631690094,SL,2026-04-18 21:06:00,10007.43671835427
75650.6,75674.1,0.00031063864662011934,TP1,2026-04-18 21:29:00,10007.592153184187
75650.6,75650.6,0.0,SL,2026-04-18 21:35:00,10007.592153184187
75719.0,75758.0,0.0005150622697077351,TP1,2026-04-18 21:48:00,10007.849879840622
75719.0,75719.0,0.0,SL,2026-04-18 21:50:00,10007.849879840622
75769.1,75751.5,-0.0002322846648568588,SL,2026-04-18 22:57:00,10007.617412835094
75769.3,75747.5,-0.00028771547315341317,SL,2026-04-19 00:12:00,10007.329478197187
75635.9,75590.1,-0.000605532557951824,SL,2026-04-19 05:02:00,10006.723501815466
75128.5,75170.0,0.0005523869104268021,TP1,2026-04-19 07:52:00,10006.999880969399
75128.5,75128.5,0.0,SL,2026-04-19 08:29:00,10006.999880969399
75082.0,75139.2,0.0007618337284568484,TP1,2026-04-19 08:35:00,10007.3810644709
75082.0,75082.0,0.0,SL,2026-04-19 09:18:00,10007.3810644709
75166.8,75189.3,0.00029933428056003446,TP1,2026-04-19 10:56:00,10007.53084208146
75166.8,75625.0,0.00609577632678253,TP2,2026-04-19 12:05:00,10010.581025561296
75667.3,75692.90000000001,0.00033832315940975587,TP1,2026-04-19 13:08:00,10010.7503661313
75667.3,75667.3,0.0,SL,2026-04-19 13:10:00,10010.7503661313
75692.2,75751.7,0.0007860783541765202,TP1,2026-04-19 15:47:00,10011.143827839895
75692.2,75692.2,0.0,SL,2026-04-19 15:50:00,10011.143827839895
75663.5,75575.0,-0.001169652474442763,SL,2026-04-19 16:18:00,10009.97287192487
75150.0,75092.5,-0.0007651363938789089,SL,2026-04-19 17:47:00,10009.206972470265
74607.4,74673.19999999998,0.0008819500478503253,TP1,2026-04-19 18:50:00,10009.648353498682
74607.4,74607.4,0.0,SL,2026-04-19 20:22:00,10009.648353498682
74648.2,74595.4,-0.000707317791989665,SL,2026-04-19 20:44:00,10008.940353261483
74673.5,74601.0,-0.000970893288783839,SL,2026-04-19 20:59:00,10007.968591959801
74601.0,74500.4,-0.0013485073926623747,SL,2026-04-19 21:51:00,10006.619009996622
74556.5,74529.5,-0.00036214146318563775,SL,2026-04-20 03:47:00,10006.25662883164
74556.5,74524.1,-0.0004345697558226872,SL,2026-04-20 03:51:00,10005.82178718165
74545.1,74510.0,-0.0004708558979732513,SL,2026-04-20 04:55:00,10005.350657161394
74667.7,74716.59999999999,0.0006549016509145746,TP1,2026-04-20 08:10:00,10005.678283194562
74667.7,74667.7,0.0,SL,2026-04-20 08:49:00,10005.678283194562
74655.8,74698.6,0.0005732977210076499,TP1,2026-04-20 08:57:00,10005.965094822406
74655.8,74655.8,0.0,SL,2026-04-20 09:00:00,10005.965094822406
75161.6,75214.90000000001,0.0007091387091281041,TP1,2026-04-20 10:05:00,10006.319875680952
75161.6,75161.6,0.0,SL,2026-04-20 10:30:00,10006.319875680952
75199.9,75239.29999999999,0.0005239368669372456,TP1,2026-04-20 11:45:00,10006.582009675214
75199.9,75199.9,0.0,SL,2026-04-20 11:46:00,10006.582009675214
75155.1,75127.8,-0.0003632488014785811,SL,2026-04-20 11:57:00,10006.218521783023
75166.8,75112.0,-0.000729045269986256,SL,2026-04-20 13:08:00,10005.489023154647
75151.0,75259.2,0.0014397679338930564,TP1,2026-04-20 14:06:00,10006.209302267569
75151.0,75151.0,0.0,SL,2026-04-20 14:08:00,10006.209302267569
75700.0,75637.5,-0.0008256274768824307,SL,2026-04-20 17:30:00,10005.38316213363
76193.1,76237.80000000002,0.0005866672966451245,TP1,2026-04-20 19:19:00,10005.676653688211
76193.1,76193.1,0.0,SL,2026-04-20 19:20:00,10005.676653688211
76196.8,76246.6,0.000653570753627487,TP1,2026-04-20 19:56:00,10006.003624569767
76196.8,76196.8,0.0,SL,2026-04-20 20:00:00,10006.003624569767
76194.9,76173.3,-0.00028348354023683043,SL,2026-04-20 20:05:00,10005.719970836655
76192.6,76225.1,0.00042655060990174894,TP1,2026-04-20 20:47:00,10005.933368134458
76192.6,76192.6,0.0,SL,2026-04-20 21:03:00,10005.933368134458
75715.4,75675.1,-0.000532256317737057,SL,2026-04-20 23:23:00,10005.400796009453
75754.6,75712.1,-0.0005610220369456112,SL,2026-04-20 23:46:00,10004.83947097595
75693.4,75745.59999999999,0.000689624194447562,TP1,2026-04-21 00:10:00,10005.184449943989
75693.4,76177.0,0.0063889321922387665,TP2,2026-04-21 01:06:00,10008.380572195065
75728.0,75762.7,0.00045821888865409214,TP1,2026-04-21 02:11:00,10008.609873646215
75728.0,75728.0,0.0,SL,2026-04-21 02:12:00,10008.609873646215
75682.9,75719.69999999998,0.0004862392957985009,TP1,2026-04-21 02:16:00,10008.853202617061
75682.9,75682.9,0.0,SL,2026-04-21 02:17:00,10008.853202617061
75736.4,75698.4,-0.0005017402464336832,SL,2026-04-21 02:34:00,10008.351018169822
75630.6,75604.1,-0.0003503872771074142,SL,2026-04-21 03:35:00,10008.000338283664
75662.1,75644.5,-0.00023261315771047617,SL,2026-04-21 03:55:00,10007.767539027558
75720.0,75737.4,0.00022979397781291836,TP1,2026-04-21 06:30:00,10007.88252526315
75720.0,76177.0,0.006035393555203381,TP2,2026-04-21 07:25:00,10010.90260074786
76238.4,76195.4,-0.0005640202312745283,SL,2026-04-21 07:44:00,10010.337965587847
76293.4,76338.9,0.000596381862651291,TP1,2026-04-21 12:28:00,10010.63646478793
76293.4,76293.4,0.0,SL,2026-04-21 12:30:00,10010.63646478793
76314.7,76355.9,0.0005398697760719375,TP1,2026-04-21 12:32:00,10010.906686791259
76314.7,76314.7,0.0,SL,2026-04-21 12:38:00,10010.906686791259
75720.3,75557.3,-0.002152659194430027,SL,2026-04-21 15:03:00,10008.751679758869
75662.3,75713.5,0.0006766910337115986,TP1,2026-04-21 15:47:00,10009.090321384885
75662.3,75662.3,0.0,SL,2026-04-21 15:50:00,10009.090321384885
75633.0,75713.1,0.0010590615207648226,TP1,2026-04-21 15:57:00,10009.620333505747
75633.0,75633.0,0.0,SL,2026-04-21 17:05:00,10009.620333505747
75739.5,75708.4,-0.00041061797344854167,SL,2026-04-21 19:30:00,10009.209320504113
75714.2,75751.5,0.0004926420671420012,TP1,2026-04-21 23:15:00,10009.455868382618
75714.2,76177.0,0.006112459749954472,TP2,2026-04-21 23:45:00,10012.51498818834
76326.6,76394.1,0.0008843574848087036,TP1,2026-04-21 23:52:00,10012.957720316917
76326.6,76326.6,0.0,SL,2026-04-21 23:53:00,10012.957720316917
76250.0,76305.6,0.0007291803278689288,TP1,2026-04-22 00:59:00,10013.322782906589
76250.0,76250.0,0.0,SL,2026-04-22 01:11:00,10013.322782906589
76231.1,76209.4,-0.00028466072246119547,SL,2026-04-22 01:41:00,10013.037742936827
76284.5,76309.8,0.00033165321919922014,TP1,2026-04-22 02:09:00,10013.203785746897
76284.5,76729.0,0.00582687177604887,TP2,2026-04-22 02:11:00,10016.121068473245
77923.7,77880.1,-0.000559521685956792,SL,2026-04-22 06:08:00,10015.560644778547
77943.8,77981.1,0.00047854992956467235,TP1,2026-04-22 06:20:00,10015.800292070602
77943.8,77943.8,0.0,SL,2026-04-22 06:23:00,10015.800292070602
77910.7,77981.09999999999,0.0009035986071232087,TP1,2026-04-22 06:54:00,10016.25280523026
77910.7,77910.7,0.0,SL,2026-04-22 07:19:00,10016.25280523026
77864.3,77903.1,0.000498302816566808,TP1,2026-04-22 07:42:00,10016.502361579474
77864.3,78401.0,0.0068927608673037205,TP2,2026-04-22 11:35:00,10019.954429354731
78420.2,78378.0,-0.0005381266561421303,SL,2026-04-22 13:30:00,10019.415228897555
79056.4,79102.79999999999,0.000586922753881965,TP1,2026-04-22 18:52:00,10019.709260036476
79056.4,79056.4,0.0,SL,2026-04-22 18:53:00,10019.709260036476
78982.1,78942.6,-0.0005001133168148226,SL,2026-04-22 19:28:00,10019.20816103332
78980.6,78939.6,-0.0005191148206015148,SL,2026-04-22 19:33:00,10018.688049088612
78493.0,78466.1,-0.00034270571898123626,SL,2026-04-22 20:44:00,10018.344702919501
78436.5,78416.1,-0.0002600829970739921,SL,2026-04-22 20:52:00,10018.084142807895
78440.5,78492.3,0.0006603731490748135,TP1,2026-04-22 21:02:00,10018.414926496549
78440.5,78440.5,0.0,SL,2026-04-22 22:34:00,10018.414926496549
78529.6,78501.5,-0.00035782685764356137,SL,2026-04-22 23:18:00,10018.056440703378
77850.6,77803.2,-0.000608858505907581,SL,2026-04-23 04:22:00,10017.44648281572
77934.0,77909.0,-0.0003207842533425719,SL,2026-04-23 05:22:00,10017.12513890668
77882.2,77900.7,0.0002375382308152569,TP1,2026-04-23 05:49:00,10017.244111415846
77882.2,77882.2,0.0,SL,2026-04-23 08:08:00,10017.244111415846
77331.4,77359.4,0.00036207801746767807,TP1,2026-04-23 10:28:00,10017.425462610263
77331.4,77331.4,0.0,SL,2026-04-23 10:32:00,10017.425462610263
77370.4,77339.0,-0.0004058399594676282,SL,2026-04-23 10:44:00,10017.018915455892
77426.7,77374.0,-0.000680643757256826,SL,2026-04-23 11:33:00,10016.337113316778
78470.1,78408.0,-0.0007913842342498075,SL,2026-04-23 15:37:00,10015.544436189137
77919.5,77828.6,-0.0011665885946392646,SL,2026-04-23 17:05:00,10014.376034198302
77850.8,77779.8,-0.0009120009042938544,SL,2026-04-23 17:07:00,10013.462722198388
77355.0,77441.3,0.001115635705513579,TP1,2026-04-23 17:53:00,10014.021291025825
77355.0,77841.0,0.0062827225130890054,TP2,2026-04-23 18:00:00,10017.16705687641
77956.6,77904.3,-0.0006708861084244683,SL,2026-04-23 20:47:00,10016.495019053986
77854.1,77811.8,-0.0005433239867907138,SL,2026-04-23 20:56:00,10015.950798853244
77939.5,77966.8,0.00035027168508911286,TP1,2026-04-23 21:35:00,10016.126214051448
77939.5,77939.5,0.0,SL,2026-04-23 21:40:00,10016.126214051448
77968.2,77992.5,0.00031166552517568585,TP1,2026-04-23 21:43:00,10016.282298113283
77968.2,77968.2,0.0,SL,2026-04-23 21:48:00,10016.282298113283
77967.0,77950.9,-0.00020649762078835688,SL,2026-04-23 21:52:00,10016.075464266913
77966.3,77934.4,-0.00040915113324614265,SL,2026-04-23 21:56:00,10015.665655404224
77956.7,78012.79999999999,0.0007196302562831838,TP1,2026-04-24 01:34:00,10016.026034206347
77956.7,78401.0,0.005699317698158118,TP2,2026-04-24 01:51:00,10018.880259928446
77420.1,77463.30000000002,0.0005579946293018433,TP1,2026-04-24 09:12:00,10019.15978399728
77420.1,77420.1,0.0,SL,2026-04-24 09:32:00,10019.15978399728
77858.4,77976.79999999999,0.001520709390380411,TP1,2026-04-24 14:11:00,10019.921595515643
77858.4,77858.4,0.0,SL,2026-04-24 14:13:00,10019.921595515643
77842.6,77806.6,-0.00046247170572411505,SL,2026-04-24 16:14:00,10019.458202492493
77354.9,77372.59999999999,0.00022881549843638982,TP1,2026-04-24 23:12:00,10019.572832858626
77354.9,77354.9,0.0,SL,2026-04-24 23:13:00,10019.572832858626
77329.2,77341.0,0.00015259436280218742,TP1,2026-04-24 23:26:00,10019.649279375226
77329.2,77329.2,0.0,SL,2026-04-25 00:18:00,10019.649279375226
77409.4,77427.59999999999,0.0002351135650191978,TP1,2026-04-25 01:13:00,10019.767067148343
77409.4,77409.4,0.0,SL,2026-04-25 05:04:00,10019.767067148343
